{"cameraMode":{"drawMode":0,"name":"Shaded","section":"Shading Mode"},"sceneLighting":true,"audioPlay":false,"sceneViewState":{"showFog":true,"showMaterialUpdate":false,"showSkybox":true,"showFlares":true,"showImageEffects":true,"showParticleSystems":true},"in2DMode":false,"pivot":{"x":601.9396362304688,"y":305.9400634765625,"z":-342.50384521484377},"rotation":{"x":0.01980549655854702,"y":0.018583307042717935,"z":-0.0003678356297314167,"w":0.9996311068534851},"size":168.27493286132813,"orthographic":false}